Name,Price,Old Price,Discount,Link
One Shoulder Asymmetrical Dress,$69.00,$169.00,59% off,https://www.dkny.com/one-shoulder-asymmetrical-dress-b2370375
Ruched Mini Skirt,$35.00,$99.00,65% off,https://www.dkny.com/ruched-mini-skirt-b2311379
Shirt Dress with Elastic Waist,$49.00,$129.00,62% off,https://www.dkny.com/shirt-dress-with-elastic-waist-b2370387
Sporty Ruched Mini Dress,$29.00,$99.00,71% off,https://www.dkny.com/sporty-ruched-mini-dress-b2370390
Ruched Strappy Dress,$35.00,$99.00,65% off,https://www.dkny.com/ruched-strappy-dress-b2377389
Oversized Trench With Inner Details,$160.00,$325.00,51% off,https://www.dkny.com/oversized-trench-with-inner-details-b1350327
Diagonal Rhinestone Logo Tee,$39.00,$49.00,20% off,https://www.dkny.com/diagonal-rhinestone-logo-tee-b2101914
Kadia Sneaker,$120.00,$139.00,14% off,https://www.dkny.com/kadia-sneaker-k1234873
Printed Racerback Sports Bra,$39.00,$49.50,21% off,https://www.dkny.com/printed-racerback-sports-bra-dp2t8812
Short Sleeve Stud Logo Tee,$25.00,$59.00,58% off,https://www.dkny.com/short-sleeve-stud-logo-tee
Logo Retro Sneaker,$129.00,$149.00,13% off,https://www.dkny.com/logo-retro-sneaker-kzd12438
Puff Sleeve Sweater,$59.00,$79.00,25% off,https://www.dkny.com/puff-sleeve-sweater-e2msa04r
Cali Wedge Sneaker,$59.00,$139.00,58% off,https://www.dkny.com/cali-wedge-sneaker-k4903663
Exploded Logo Retro Sneakers,$129.00,$149.00,13% off,https://www.dkny.com/exploded-logo-retro-sneakers
Dkny Court Sneaker,$59.00,$129.00,54% off,https://www.dkny.com/dkny-court-sneaker-kzd32464
Metallic Logo Bralette,$25.00,$39.50,37% off,https://www.dkny.com/metallic-logo-bralette-dp2t9296
Balance Compression Bra,$29.00,$49.50,41% off,https://www.dkny.com/balance-compression-bra-dp2t9141
Balance High Waist Leggings,$35.00,$69.50,50% off,https://www.dkny.com/balance-high-waist-leggings-dp2p3092
Metallic Logo Tape Leggings,$35.00,$59.50,41% off,https://www.dkny.com/high-waist-7-8-legging-w-metallic-logo-taping-dp1p2492
Rhinestone Logo High Waist Legging,$49.00,$59.50,18% off,https://www.dkny.com/rhinestone-logo-high-waist-legging-dp1p2694
Printed Leggings,$29.00,$69.50,58% off,https://www.dkny.com/marble-print-high-waist-7-8-tight-w-pockets
Twill Seamless Scoop Neck Tank,$25.00,$49.50,49% off,https://www.dkny.com/twill-seamless-scoop-neck-tank-dp2t9040
Twill Seamless Legging,$29.00,$69.50,58% off,https://www.dkny.com/twill-seamless-legging-dp2p3106
Cropped Henley Lounge Pullover,$49.00,$59.50,18% off,https://www.dkny.com/cropped-henley-lounge-pullover
Marli Slip On Sneaker,$75.00,$119.00,37% off,https://www.dkny.com/marli-slip-on-sneaker-k4165413
Faux Leather Dress,$75.00,$149.00,50% off,https://www.dkny.com/faux-leather-dress-p2hbto59
Double Breasted Blazer,$75.00,$149.00,50% off,https://www.dkny.com/double-breasted-blazer-p2icaodk
Sparkle Knit Wrap Dress,$70.00,$134.00,48% off,https://www.dkny.com/sparkle-knit-wrap-dress-p2id6omi
Sparkle Ribbed Midi Dress,$60.00,$119.00,50% off,https://www.dkny.com/sparkle-ribbed-midi-dress-p2idsolm
Knotted Flat Sandal,$20.00,$139.00,86% off,https://www.dkny.com/knotted-flat-sandal-kzd12742
Sparkle Knit Top,$50.00,$89.00,44% off,https://www.dkny.com/sparkle-knit-top-p2ih6okx
Metallic Snake Strappy Block Heel,$80.00,$199.00,60% off,https://www.dkny.com/dkny-metallic-snake-strappy-block-heel-sandal-kzd14727
Plaid Blazer,$95.00,$189.00,50% off,https://www.dkny.com/plaid-blazer-b3230306
Plaid Midi Skirt,$85.00,$169.00,50% off,https://www.dkny.com/plaid-midi-skirt-b3210308
Oversized Patent Leather Blazer,$85.00,$169.00,50% off,https://www.dkny.com/oversized-patent-leather-blazer-b4230144
Patent Leather Flared Pant,$85.00,$169.00,50% off,https://www.dkny.com/patent-leather-flared-pant-b4240143
Suede Mini Skirt,$80.00,$159.00,50% off,https://www.dkny.com/suede-mini-skirt-b3210138
Ribbed Pencil Skirt,$45.00,$79.00,43% off,https://www.dkny.com/ribbed-pencil-skirt-e23sab00
Faux-Leather Cropped Shirt,$50.00,$99.00,49% off,https://www.dkny.com/faux-leather-cropped-shirt-e23sghyk
Windowpane Sherpa Jacket,$199.00,$350.00,43% off,https://www.dkny.com/windowpane-sherpa-jacket
Cold Shoulder Sweater,$59.00,$99.00,40% off,https://www.dkny.com/cold-shoulder-sweater-p2isae66
Off Shoulder Tank Sweater,$65.00,$109.00,40% off,https://www.dkny.com/off-shoulder-tank-sweater-p2ksaf11
Cropped Boyfriend Hoodie,$49.00,$99.00,51% off,https://www.dkny.com/cropped-boyfriend-hoodie-b3260309
Long Sleeve Ballet Neck Bodysuit,$45.00,$89.00,49% off,https://www.dkny.com/long-sleeve-ballet-neck-bodysuit-p2gh1opg
Sleeveless V-Neck Drape Bodysuit,$39.00,$79.00,51% off,https://www.dkny.com/sleeveless-v-neck-drape-bodysuit-p2gh8opk
Colorblock Crinkle Trench,$165.00,$325.00,49% off,https://www.dkny.com/colorblocked-crinkle-trench-b1250011
Today I Feel Sweatshirt,$65.00,$129.00,50% off,https://www.dkny.com/today-i-feel-sweatshirt-b32m6001
Table Tops Modal Bralette,$19.00,$25.00,24% off,https://www.dkny.com/table-tops-modal-bralette-dk7388
Pure Lace Unlined Bra,$29.00,$38.00,24% off,https://www.dkny.com/pure-lace-unlined-bra-dk7592
Azer - Slip On Runner Sneaker,$109.00,$125.00,13% off,https://www.dkny.com/azer-slip-on-sneaker-k2000669
Ines Tote,$115.00,$250.00,54% off,https://www.dkny.com/ines-tote-r24a3t13
Sidney Wallet On A Chain,$89.00,$178.00,50% off,https://www.dkny.com/sidney-wallet-on-a-chain-r2351u32
Willow Chain Crossbody,$285.00,$398.00,28% off,https://www.dkny.com/willow-chain-crossbody-r23etu18
Sidney Key Card Case,$35.00,$68.00,49% off,https://www.dkny.com/sidney-key-card-case-r23z1u36
Sidney Card Pouch,$35.00,$68.00,49% off,https://www.dkny.com/sidney-card-pouch-r23z1u37
Wristlet Raised Logo,$69.00,$138.00,50% off,https://www.dkny.com/wristlet-raised-logo-kzh12115
Continental Wallet Raised Logo,$85.00,$168.00,49% off,https://www.dkny.com/continental-wallet-raised-logo-kzh12170
Continental Wallet - Pvc Logo,$85.00,$168.00,49% off,https://www.dkny.com/continental-wallet-pvc-logo-kzh12172
Keyfob Cardcase  Raised Logo,$49.00,$98.00,50% off,https://www.dkny.com/keyfob-cardcase-raised-logo-kzh12174
Long Sleeve Mini Dress,$65.00,$129.00,50% off,https://www.dkny.com/long-sleeve-mini-dress-p2hbao20
Colorblock Jacket,$99.00,$199.00,50% off,https://www.dkny.com/colorblock-jacket-p2hcto14
Long Sleeve Trim Tailored Jacket,$79.00,$159.00,50% off,https://www.dkny.com/long-sleeve-trim-tailored-jacket-p2gcto40
Printed Cami Ruched Midi Dress,$65.00,$129.00,50% off,https://www.dkny.com/printed-cami-ruched-midi-dress-p2gd1oql
Ruched Midi Dress,$75.00,$149.00,50% off,https://www.dkny.com/ruched-midi-dress-p2gd1ooz
Ribbed Tank Dress,$49.00,$99.00,51% off,https://www.dkny.com/ribbed-tank-dress-e2goab15
Irina Demi,$99.00,$168.00,41% off,https://www.dkny.com/irina-demi-r23h3t54
Cold-Shoulder Sweater,$55.00,$109.00,50% off,https://www.dkny.com/cold-shoulder-sweater-p2hsac56
Puff-Sleeve Sweatheart Sweater,$45.00,$89.00,49% off,https://www.dkny.com/puff-sleeve-sweatheart-sweater-p2hsae12
Sina Houndstooth Shoulder Flap,$99.00,$198.00,50% off,https://www.dkny.com/sina-houndstooth-shoulder-flap-r233ra14
Cropped Blazer,$80.00,$139.00,42% off,https://www.dkny.com/cropped-blazer-p2gcto37
Mock Neck Crop Top,$29.00,$59.00,51% off,https://www.dkny.com/mock-neck-crop-top-p2ghsokb
Kick Flare Crop Pant,$45.00,$89.00,49% off,https://www.dkny.com/kick-flare-crop-pant-p2gkqo66
Crop Wide-Leg Pant,$49.00,$99.00,51% off,https://www.dkny.com/crop-wide-leg-pant-p2gkto44
Faux-Leather Kick Flare Pant,$45.00,$89.00,49% off,https://www.dkny.com/faux-leather-kick-flare-pant-p2gkto69
Sleeveless Crewneck Crop Sweater,$39.00,$69.00,43% off,https://www.dkny.com/sleeveless-crewneck-crop-sweater-p2gsae05
Open Front Jacket With Pockets,$75.00,$99.00,24% off,https://www.dkny.com/open-front-blazer-p9rcaawi
Slim Seamed Pant With Side Slit,$55.00,$149.00,63% off,https://www.dkny.com/slim-seamed-pant-with-side-slit-b3140018
Long Sleeve Zip Up Hoodie With Flange Shoulder,$55.00,$139.00,60% off,https://www.dkny.com/long-sleeve-zip-up-hoodie-with-flange-shoulder-b3160009
Long Sleeve Zipper Shoulder Sweatshirt With Detachable Hood,$55.00,$149.00,63% off,https://www.dkny.com/long-sleeve-zipper-shoulder-sweatshirt-with-detachable-hood-b3160010
Short Sleeve Crewneck Bodysuit,$39.00,$99.00,61% off,https://www.dkny.com/short-sleeve-crewneck-bodysuit-b3160015
Oversized Puffer With Zip Sleeves,$240.00,$350.00,31% off,https://www.dkny.com/oversized-puffer-with-zip-sleeves-b3150940
Wired Crop Top,$39.00,$89.00,56% off,https://www.dkny.com/wired-crop-top
V-neck Asymmetrical Pleated Dress,$65.00,$179.00,64% off,https://www.dkny.com/v-neck-asym-pleated-dress
Sina Sherpa Trim Shoulder Flap,$69.00,$198.00,65% off,https://www.dkny.com/sina-sherpa-trim-shoulder-flap-r233wa14
Kent High Rise Straight Leg Jean,$39.00,$79.00,51% off,https://www.dkny.com/kent-high-rise-straight-leg-jean-e1rk0743
Broome Jeans,$60.00,$79.00,24% off,https://www.dkny.com/broome-jeans-e1rk1744
Sherpa Sina Shoulder Flap,$99.00,$198.00,50% off,https://www.dkny.com/sherpa-sina-shoulder-flap-r233sa14
Kent High Rise Distressed Jean,$69.00,$79.00,13% off,https://www.dkny.com/kent-high-rise-distressed-jean-e1rr0743
Broome Cropped Distressed Jean,$39.00,$79.00,51% off,https://www.dkny.com/broome-cropped-distressed-jean-e2rl0782
Long Sleeve Mock Neck Exposed Seam Top,$29.00,$79.00,63% off,https://www.dkny.com/long-sleeve-mock-neck-exposed-seam-top-p1jh7leo
Long Sleevewrap Cut Out Sweater,$29.00,$79.00,63% off,https://www.dkny.com/l-swrap-cut-out-sweater-p2asaxa7
Lara Large Quilted Shoulder Bag,$169.00,$228.00,26% off,https://www.dkny.com/lara-large-quilted-shoulder-bag-r933be97
Seva Mini Box Crossbody,$129.00,$148.00,13% off,https://www.dkny.com/seva-mini-box-cbody
Tinzli Jelly Slides,$55.00,$69.00,20% off,https://www.dkny.com/tinzli-jelly-slides-k1231775
Danielle Strappy Heel,$89.00,$119.00,25% off,https://www.dkny.com/danielle-strappy-heel-k1291898
Velcro Wedge Sneaker,$75.00,$179.00,58% off,https://www.dkny.com/velcro-wedge-sneaker-kzd13515
Flat Python Slide,$72.00,$179.00,60% off,https://www.dkny.com/dkny-flat-python-slide-kzd13p01
The Medium Effortless Tote,$219.00,$398.00,45% off,https://www.dkny.com/the-medium-effortless-tote-kzd13s70
The Mini Effortless Tote,$139.00,$248.00,44% off,https://www.dkny.com/the-mini-effortless-tote-kzd13s83
Mini Dome Crossbody,$85.00,$168.00,49% off,https://www.dkny.com/mini-dome-crossbody-kzh22719
Wet Nylon Puffer Pull Through,$35.00,$89.00,61% off,https://www.dkny.com/wet-nylon-puffer-pull-through-t4140024
Metallic Rib Knit Oblong Scarf,$35.00,$89.00,61% off,https://www.dkny.com/metallic-rib-knit-oblong-scarf-t4140053
DKNY Pure Donegal Tweed Infinity Scarf,$45.00,$99.00,55% off,https://www.dkny.com/dkny-pure-donegal-tweed-infinity-scarf-p1gsa03v
Faux-Suede Shearling Trim Biker Jacket,$115.00,$199.00,42% off,https://www.dkny.com/faux-suede-shearling-trim-biker-jacket-e2hcbnxc
Packable Jacket,$69.00,$220.00,69% off,https://www.dkny.com/packable-jacket-dl2mp298
Wet Token Logo Puffer Vest,$59.00,$99.50,41% off,https://www.dkny.com/wet-token-logo-puffer-vest-dp2v3110
Faux Leather Long Puffer,$315.00,$450.00,30% off,https://www.dkny.com/faux-leather-long-puffer
Cropped Puffer,$99.00,$169.50,42% off,https://www.dkny.com/cropped-puffer-dp2j9196
Tall Lug Sole Boot,$120.00,$299.00,60% off,https://www.dkny.com/tall-lug-sole-boot-kzd32361
Two Tone Maxi Wool Coat,$200.00,$400.00,50% off,https://www.dkny.com/two-tone-maxi-wool-coat-b3150021
Oversized Relaxed Jacket,$200.00,$350.00,43% off,https://www.dkny.com/oversized-relaxed-jacket
Brown Plaid Coat,$185.00,$315.00,41% off,https://www.dkny.com/brown-plaid-coat
Mid Slouchy Boot,$112.00,$279.00,60% off,https://www.dkny.com/mid-slouchy-boot-kzd14326
Hooded Puffer Vest With Faux Fur Front,$75.00,$149.00,50% off,https://www.dkny.com/hooded-puffer-vest-with-faux-fur-front-p2mcgg21
Tall Slouchy Boot,$120.00,$299.00,60% off,https://www.dkny.com/tall-slouchy-boot-kzd14325
Colorblocked Crinkle Trench,$189.00,$325.00,42% off,https://www.dkny.com/colorblocked-crinkle-trench-b1250010
Garment Dyed Leather Jacket,$225.00,$450.00,50% off,https://www.dkny.com/garment-dyed-leather-jacket-b1250072
Fleece Zip Jacket,$50.00,$89.50,44% off,https://www.dkny.com/fleece-zip-jacket-dp2j9176
Faux Fur Lug Sole Boot,$108.00,$269.00,60% off,https://www.dkny.com/faux-fur-lug-sole-boot-kzd14f24
Faux Fur Shacket,$189.00,$375.00,50% off,https://www.dkny.com/faux-fur-shacket
Lug Sole Croco Chelsea Boot,$112.00,$279.00,60% off,https://www.dkny.com/lug-sole-croco-chelsea-boot-kzd13c10
Cropped Leather Jacket,$275.00,$550.00,50% off,https://www.dkny.com/cropped-leather-jacket
Faux Leather Cropped Bomber,$115.00,$225.00,49% off,https://www.dkny.com/faux-leather-cropped-bomber-e2hdgnve
Crinkle Moto Jacket,$85.00,$169.00,50% off,https://www.dkny.com/crinkle-moto-jacket-p2iceo80
Packable Puffer,$89.00,$190.00,53% off,https://www.dkny.com/packable-puffer-dl92n007
Elbow Glove,$35.00,$109.00,68% off,https://www.dkny.com/elbow-glove-t4270080
Packable Puffer Jacket With Bag,$75.00,$129.50,42% off,https://www.dkny.com/packable-puffer-jacket-with-bag-dp1j8874
Shearling Ski Boot,$116.00,$289.00,60% off,https://www.dkny.com/shearling-ski-boot-kzd32372
Sock Bootie,$108.00,$269.00,60% off,https://www.dkny.com/sock-bootie-kzd32367
Puff Sleeve Denim Jacket,$59.00,$99.00,40% off,https://www.dkny.com/puff-sleeve-denim-jacket-e23d6htn
Wool Trench With Belt,$315.00,$450.00,30% off,https://www.dkny.com/wool-trench-with-belt
Contrast Lug Sole Boot,$116.00,$289.00,60% off,https://www.dkny.com/contrast-lug-sole-boot-kzd32360
Lug Sole Chelsea Boot,$112.00,$279.00,60% off,https://www.dkny.com/lug-sole-chelsea-boot-kzd13510
Buckle Bag,$159.00,$268.00,41% off,https://www.dkny.com/buckle-bag
Large Buckle  Bag,$259.00,$298.00,13% off,https://www.dkny.com/large-buckle-bag-kzh12162
Chelsea Boot,$100.00,$249.00,60% off,https://www.dkny.com/chelsea-boot-kzd13104
Medium Shoulder Bag,$159.00,$248.00,36% off,https://www.dkny.com/medium-shoulder-bag-kzh12148
Rib Knit Oblong Scarf,$29.00,$89.00,67% off,https://www.dkny.com/rib-knit-oblong-scarf-t4140074
Coated Box Logo Tee,$39.00,$49.00,20% off,https://www.dkny.com/coated-box-logo-tee-p1aupdna
Medium Buckle  Bag,$199.00,$248.00,20% off,https://www.dkny.com/medium-buckle-bag-kzh12753
Saddle Bag,$159.00,$248.00,36% off,https://www.dkny.com/saddle-bag-kzh32822
Pull On Joggers,$59.00,$79.00,25% off,https://www.dkny.com/pull-on-joggers-p1af7ikx
Mini Knot Bag,$139.00,$228.00,39% off,https://www.dkny.com/mini-knot-bag-kzh22j94
Puffy Wedge Boot,$75.00,$179.00,58% off,https://www.dkny.com/puffy-wedge-boot-kzd32371
The Medium Effortless Tote,$219.00,$398.00,45% off,https://www.dkny.com/the-medium-effortless-tote-kzd13870
Tall Stretch Boot,$179.00,$349.00,49% off,https://www.dkny.com/tall-stretch-boot-kzd32368
The Medium Effortless Tote,$219.00,$428.00,49% off,https://www.dkny.com/the-medium-effortless-tote-kzh12748
Saddle Bag,$159.00,$248.00,36% off,https://www.dkny.com/saddle-bag-kzh32987
Block Heel Croco Chelsea Boot,$108.00,$269.00,60% off,https://www.dkny.com/block-heel-croco-chelsea-boot-kzd13c06
The Small Effortless Tote,$239.00,$298.00,20% off,https://www.dkny.com/the-effortless-tote-small
Square Neck Bodysuit,$29.00,$69.00,58% off,https://www.dkny.com/square-neck-bodysuit-e22bdnvr
Logo Buckle Bag,$134.00,$268.00,50% off,https://www.dkny.com/logo-buckle-bag
Front Seam Legging With Buckled Ankle,$45.00,$139.00,68% off,https://www.dkny.com/front-seam-legging-with-buckled-ankle-b3140013
Quilted Wallet On A Chain,$80.00,$168.00,52% off,https://www.dkny.com/quilted-wallet-on-a-chain-r035bk83
Soft Skirt,$55.00,$149.00,63% off,https://www.dkny.com/soft-skirt-b1210054
Lug Sole Combat Boot,$150.00,$279.00,46% off,https://www.dkny.com/lug-sole-combat-boot-kzd13311
The Small Logo Effortless Tote,$239.00,$298.00,20% off,https://www.dkny.com/the-effortless-tote-small-logo-kzh22v32
Long Sleeve Cropped Button-Front Cardigan,$49.00,$69.00,29% off,https://www.dkny.com/l-s-cropped-btn-front-cardigan-e21xaa05
Sophie Crossbody,$145.00,$198.00,27% off,https://www.dkny.com/sophie-crossbody
Medium Shoulder Bag,$159.00,$248.00,36% off,https://www.dkny.com/medium-shoulder-bag-kzh12v48
Sleeveless Scoopneck Twist Racerback Dress,$55.00,$149.00,63% off,https://www.dkny.com/s-l-scoopneck-twist-front-racerback-dress
The Croc Mini Effortless Tote,$199.00,$248.00,20% off,https://www.dkny.com/the-effortless-tote-mini-croco
Logo Drawstring Waist Dress,$59.00,$79.00,25% off,https://www.dkny.com/logo-drawstring-waist-dress-p1bd7egq
Slim Shape Crossover Leggings,$39.00,$69.50,44% off,https://www.dkny.com/slim-shape-crossover-leggings-dp2p3052
Sleeveless Mermaid Cross Back Dress,$75.00,$199.00,62% off,https://www.dkny.com/s-l-mermaid-x-back-gown
Mini Modernist Knot Bag,$139.00,$228.00,39% off,https://www.dkny.com/knot-bag-mini
Bart Combat Boot,$179.00,$189.00,5% off,https://www.dkny.com/bart-combat-boot-k3052117
Pull On Maxi Skirt,$45.00,$119.00,62% off,https://www.dkny.com/pull-on-maxi-skirt-w-elastic-waist-drawstring
Cropped Wide Leg Pant,$59.00,$159.00,63% off,https://www.dkny.com/cropped-wide-leg-pant-b1240121
Modern Lace Longline Racerback Bralette,$19.00,$34.00,44% off,https://www.dkny.com/modern-lace-longline-racerback-bralette-dk4021
Outline Logo Hooded Sneaker Dress,$55.00,$69.50,21% off,https://www.dkny.com/outline-logo-hooded-sneaker-dress
Flip Reflect Logo Bike Short,$29.00,$49.50,41% off,https://www.dkny.com/flip-reflect-logo-high-waist-9-bike-short-dpps4937
Long Sleeve Button Front Jumpsuit With Lapel,$105.00,$199.00,47% off,https://www.dkny.com/long-sleeve-button-front-jumpsuit-with-lapel-b3140014
Midi Faux Wrap Skirt,$59.00,$159.00,63% off,https://www.dkny.com/b3120006-blk-b3120006
Long Sleeve Turtleneck Ribbed Top,$29.00,$79.00,63% off,https://www.dkny.com/long-sleeve-turtleneck-ribbed-top-p1hh6gyo
Cropped Turtleneck Sweater,$29.00,$79.00,63% off,https://www.dkny.com/cropped-turtleneck-sweater-p14sau07
High Neck Tank Bodysuit,$29.00,$59.00,51% off,https://www.dkny.com/high-neck-tank-bodysuit-e21bdhuu
Broome High Rise Vintage Jean - Full Length,$39.00,$79.00,51% off,https://www.dkny.com/broome-jeans-e1rk0744
The Mini Quilted Effortless Tote,$139.00,$268.00,48% off,https://www.dkny.com/the-effortless-tote-mini-quilt
The Medium Quilt Effortless Tote,$139.00,$428.00,68% off,https://www.dkny.com/the-effortless-tote-medium-quilt
The Large Effortless Tote,$299.00,$498.00,40% off,https://www.dkny.com/the-large-effortless-tote-kzd13868
Cropped Tank,$29.00,$49.00,41% off,https://www.dkny.com/cropped-tank-e21saab3
High Waist 7/8 Tight Hug + Lift Tight,$39.00,$69.50,44% off,https://www.dkny.com/lifting-high-waist-legging-dp1p2853
Marble Swirl Print Strappy Bra,$29.00,$44.50,35% off,https://www.dkny.com/marble-swirl-print-strappy-bra-w-removeable-cups-dp1t8492
Marble Swirl Print High Waist Legging,$39.00,$69.50,44% off,https://www.dkny.com/marble-swirl-print-high-waist-legging-dp1p2850
Rib Crop Tube Top,$29.00,$39.50,27% off,https://www.dkny.com/rib-crop-tube-top
Solid Tube Top,$29.00,$39.50,27% off,https://www.dkny.com/solid-tube-top
Pigment Dye Distressed Crackle Logo Jogger,$49.00,$79.50,38% off,https://www.dkny.com/pigment-dye-distressed-crackle-logo-jogger-dppp2833
Distressed Crackle Logo High Waist Legging,$45.00,$69.50,35% off,https://www.dkny.com/distressed-crackle-logo-high-waist-legging-dppp2976
Tie Dye Crew Neck Pullover,$45.00,$69.50,35% off,https://www.dkny.com/tie-dye-crew-neck-pullover-w-tie-dppt8831
The Mini Effortless Tote,$139.00,$248.00,44% off,https://www.dkny.com/the-mini-effortless-tote-kzd13883
The Medium Logo Effortless Tote,$259.00,$398.00,35% off,https://www.dkny.com/the-effortless-tote-medium-logo
The Medium Logo Optimist Shoulder Bag,$179.00,$268.00,33% off,https://www.dkny.com/the-optimist-shoulder-medium-logo-kzd13v04
The Small Logo Optimist Shoulder Bag,$179.00,$198.00,10% off,https://www.dkny.com/the-optimist-shoulder-small-logo-kzd13v03
Electric Shock Print High Waist Legging,$39.00,$69.50,44% off,https://www.dkny.com/electric-shock-print-high-waist-legging-dp1p2846
Camo Floral Print High Waist Legging With Pocket,$29.00,$69.50,58% off,https://www.dkny.com/camo-floral-print-high-waist-7-8-legging-w-pocket-dp1p2935
Athleather High Waist 8in Bike Short,$19.00,$44.50,57% off,https://www.dkny.com/athleather-high-waist-8in-bike-short-dp1s4787
Vienna Puffy Strap Sandal,$79.00,$119.00,34% off,https://www.dkny.com/vienna-puffy-strap-sandal-k1204649
Tee Double-Strap Sandal,$89.00,$110.00,19% off,https://www.dkny.com/tee-double-strap-sandal-k1229570
Braided Ankle Strap Block Heel,$79.00,$149.00,47% off,https://www.dkny.com/braided-ankle-strap-block-heel-kzd12739
Braided Double Strap Slide,$56.00,$139.00,60% off,https://www.dkny.com/braided-double-strap-slides-kzd12740
Puffy Strap Thong Slides,$60.00,$139.00,57% off,https://www.dkny.com/puffy-strap-thong-slides-kzd12741
Puffy Multi Strap Mule,$60.00,$149.00,60% off,https://www.dkny.com/puffy-multi-strap-mule-kzd12744
Heeled Buckle Mule,$79.00,$149.00,47% off,https://www.dkny.com/dkny-buckle-mule-kzd12747
Strappy Flat Form,$56.00,$139.00,60% off,https://www.dkny.com/strappy-flat-form-kzd12749
Sherpa Slipper,$64.00,$159.00,60% off,https://www.dkny.com/dkny-sherpa-slipper-kzd13309
DKNY Flat Sherpa Slide,$72.00,$179.00,60% off,https://www.dkny.com/dkny-flat-sherpa-slide-kzd13h01
Hartford Sandal,$95.00,$119.00,20% off,https://www.dkny.com/hartford-sandal-k4059051
Jeremyville Oversized Jacket,$55.00,$149.00,63% off,https://www.dkny.com/jeremyville-oversized-jacket-b313m005
